point,altitude_ft,freestream_mach,rpm,thrust_lbf,mass_flow_kg_s,t4_degR,inlet_area_m2,compressor_exit_area_m2,impeller_diameter_m
DESIGN,0,0.1,100000,224.8076261,1.573597943,2200.05,0.007646401,0.059091683,0.27429522
OD0,200,0.1,98571.6862,202.1945985,1.524269425,2075.67,0.007646401,0.059091683,0.27429522
OD1,200,0.1,98716.99682,204.800119,1.528330528,2093.67,0.007646401,0.059091683,0.27429522
OD2,200,0.1,99043.8274,208.6557992,1.537987329,2111.67,0.007646401,0.059091683,0.27429522
OD3,200,0.1,99331.47278,212.3453558,1.546435747,2129.67,0.007646401,0.059091683,0.27429522
OD4,200,0.1,99484.18958,215.1875732,1.550731447,2147.67,0.007646401,0.059091683,0.27429522
OD5,200,0.1,99648.15877,218.1274918,1.555376843,2165.67,0.007646401,0.059091683,0.27429522
OD6,200,0.1,99844.67605,221.27648,1.561027661,2183.67,0.007646401,0.059091683,0.27429522
OD7,200,0.1,100019.5002,223.7344452,1.564410717,2200.05,0.007646401,0.059091683,0.27429522
